               epoch,      train/box_loss,      train/obj_loss,      train/cls_loss,   metrics/precision,      metrics/recall,     metrics/mAP_0.5,metrics/mAP_0.5:0.95,        val/box_loss,        val/obj_loss,        val/cls_loss,               x/lr0,               x/lr1,               x/lr2
                   0,             0.11369,            0.029655,                   0,           6.135e-05,            0.018405,          3.1242e-05,          6.2291e-06,             0.10062,            0.023313,                   0,              0.0793,              0.0023,              0.0023
                   1,            0.087356,            0.024096,                   0,             0.25893,               0.388,             0.27354,             0.05312,             0.07863,            0.016941,                   0,              0.0577,           0.0046995,           0.0046995
